{
  "name": "Intel 8008",
  "year": 1972,
  "clock_mhz": 0.5,
  "bus_width": 8,
  "transistors": 3500,
  "timing_categories": {
    "mov_reg_reg": {
      "cycles": 10,
      "weight": 0.2,
      "desc": "MOV r1,r2 (5 T-states)"
    },
    "mov_reg_mem": {
      "cycles": 16,
      "weight": 0.15,
      "desc": "MOV r,M / MOV M,r"
    },
    "alu_register": {
      "cycles": 10,
      "weight": 0.2,
      "desc": "ADD/SUB/AND/OR r"
    },
    "alu_memory": {
      "cycles": 16,
      "weight": 0.1,
      "desc": "ADD M, etc."
    },
    "immediate": {
      "cycles": 16,
      "weight": 0.1,
      "desc": "MVI, ADI, etc."
    },
    "jump_unconditional": {
      "cycles": 22,
      "weight": 0.08,
      "desc": "JMP"
    },
    "jump_conditional": {
      "cycles": 18,
      "weight": 0.07,
      "desc": "Jcc"
    },
    "call_return": {
      "cycles": 22,
      "weight": 0.05,
      "desc": "CALL, RET"
    },
    "io_ops": {
      "cycles": 16,
      "weight": 0.03,
      "desc": "IN, OUT"
    },
    "misc": {
      "cycles": 10,
      "weight": 0.02,
      "desc": "HLT, NOP"
    }
  },
  "validation_targets": {
    "ips_range": [
      23000,
      80000
    ],
    "cpi_range": [
      10,
      22
    ],
    "expected_bottlenecks": [
      "fetch",
      "sequential"
    ]
  },
  "source": "Intel 8008 Users Manual"
}