{
  "name": "Motorola 68010",
  "year": 1982,
  "clock_mhz": 10.0,
  "bus_width": 16,
  "transistors": 84000,
  "timing_categories": {
    "move_reg": {
      "cycles": 4,
      "weight": 0.22,
      "desc": "MOVE Dn,Dn"
    },
    "move_mem": {
      "cycles": 10,
      "weight": 0.15,
      "desc": "MOVE (An),Dn"
    },
    "alu_reg": {
      "cycles": 4,
      "weight": 0.22,
      "desc": "ALU register"
    },
    "alu_mem": {
      "cycles": 10,
      "weight": 0.1,
      "desc": "ALU memory"
    },
    "immediate": {
      "cycles": 6,
      "weight": 0.1,
      "desc": "Immediate"
    },
    "branch": {
      "cycles": 8,
      "weight": 0.08,
      "desc": "Branch (loop mode)"
    },
    "jsr_rts": {
      "cycles": 14,
      "weight": 0.05,
      "desc": "JSR, RTS"
    },
    "multiply": {
      "cycles": 60,
      "weight": 0.04,
      "desc": "Multiply"
    },
    "divide": {
      "cycles": 140,
      "weight": 0.02,
      "desc": "Divide"
    },
    "misc": {
      "cycles": 4,
      "weight": 0.02,
      "desc": "Other"
    }
  },
  "validation_targets": {
    "ips_range": [
      1200000,
      2500000
    ],
    "cpi_range": [
      4,
      150
    ],
    "expected_bottlenecks": [
      "ea_calc",
      "memory"
    ]
  },
  "source": "MC68010 Users Manual"
}