{
  "name": "Intel 80287",
  "year": 1982,
  "clock_mhz": 8.0,
  "bus_width": 16,
  "transistors": 45000,
  "timing_categories": {
    "fld": {
      "cycles": 40,
      "weight": 0.2,
      "desc": "FLD (load)"
    },
    "fst": {
      "cycles": 50,
      "weight": 0.15,
      "desc": "FST (store)"
    },
    "fadd": {
      "cycles": 90,
      "weight": 0.2,
      "desc": "FADD"
    },
    "fsub": {
      "cycles": 90,
      "weight": 0.1,
      "desc": "FSUB"
    },
    "fmul": {
      "cycles": 140,
      "weight": 0.15,
      "desc": "FMUL"
    },
    "fdiv": {
      "cycles": 200,
      "weight": 0.1,
      "desc": "FDIV"
    },
    "fsqrt": {
      "cycles": 180,
      "weight": 0.05,
      "desc": "FSQRT"
    },
    "fcomp": {
      "cycles": 50,
      "weight": 0.05,
      "desc": "FCOMP"
    }
  },
  "validation_targets": {
    "ips_range": [
      50000,
      150000
    ],
    "cpi_range": [
      50,
      200
    ],
    "expected_bottlenecks": [
      "execute",
      "fpu"
    ]
  },
  "source": "Intel 80287 Programmers Reference"
}