{
  "name": "Motorola 6809",
  "year": 1978,
  "clock_mhz": 1.0,
  "bus_width": 8,
  "transistors": 9000,
  "timing_categories": {
    "inherent": {
      "cycles": 2,
      "weight": 0.18,
      "desc": "Inherent"
    },
    "immediate": {
      "cycles": 2,
      "weight": 0.18,
      "desc": "Immediate"
    },
    "direct": {
      "cycles": 4,
      "weight": 0.18,
      "desc": "Direct"
    },
    "indexed": {
      "cycles": 5,
      "weight": 0.15,
      "desc": "Indexed"
    },
    "extended": {
      "cycles": 5,
      "weight": 0.1,
      "desc": "Extended"
    },
    "branch_short": {
      "cycles": 3,
      "weight": 0.08,
      "desc": "Short branch"
    },
    "branch_long": {
      "cycles": 5,
      "weight": 0.05,
      "desc": "Long branch"
    },
    "jsr_rts": {
      "cycles": 7,
      "weight": 0.05,
      "desc": "JSR, RTS"
    },
    "multiply": {
      "cycles": 11,
      "weight": 0.03,
      "desc": "MUL"
    }
  },
  "validation_targets": {
    "ips_range": [
      250000,
      600000
    ],
    "cpi_range": [
      2,
      8
    ],
    "expected_bottlenecks": [
      "memory",
      "fetch"
    ]
  },
  "source": "Motorola MC6809 Programming Manual"
}