{
  "name": "Intel 8748",
  "year": 1977,
  "clock_mhz": 6.0,
  "bus_width": 8,
  "transistors": 8000,
  "timing_categories": {
    "mov_a_r": {
      "cycles": 15,
      "weight": 0.25,
      "desc": "MOV A,Rn"
    },
    "mov_a_mem": {
      "cycles": 15,
      "weight": 0.15,
      "desc": "MOV A,@Ri"
    },
    "alu_ops": {
      "cycles": 15,
      "weight": 0.25,
      "desc": "ALU operations"
    },
    "immediate": {
      "cycles": 30,
      "weight": 0.1,
      "desc": "MOV A,#data"
    },
    "jump": {
      "cycles": 30,
      "weight": 0.1,
      "desc": "JMP, CALL"
    },
    "conditional": {
      "cycles": 30,
      "weight": 0.08,
      "desc": "Conditional jumps"
    },
    "io_ops": {
      "cycles": 30,
      "weight": 0.05,
      "desc": "I/O operations"
    },
    "misc": {
      "cycles": 15,
      "weight": 0.02,
      "desc": "NOP"
    }
  },
  "validation_targets": {
    "ips_range": [
      400000,
      750000
    ],
    "cpi_range": [
      8,
      15
    ],
    "expected_bottlenecks": [
      "fetch"
    ]
  },
  "source": "Intel MCS-48 Users Manual"
}