{
  "name": "Fairchild F8",
  "year": 1975,
  "clock_mhz": 2.0,
  "bus_width": 8,
  "transistors": 4000,
  "timing_categories": {
    "accumulator": {
      "cycles": 4,
      "weight": 0.25,
      "desc": "Accumulator ops"
    },
    "scratchpad": {
      "cycles": 4,
      "weight": 0.2,
      "desc": "Scratchpad"
    },
    "memory": {
      "cycles": 8,
      "weight": 0.15,
      "desc": "Memory"
    },
    "immediate": {
      "cycles": 5,
      "weight": 0.15,
      "desc": "Immediate"
    },
    "branch": {
      "cycles": 8,
      "weight": 0.1,
      "desc": "Branch"
    },
    "call_return": {
      "cycles": 13,
      "weight": 0.08,
      "desc": "PI, POP"
    },
    "io": {
      "cycles": 8,
      "weight": 0.05,
      "desc": "I/O"
    },
    "misc": {
      "cycles": 4,
      "weight": 0.02,
      "desc": "Other"
    }
  },
  "validation_targets": {
    "ips_range": [
      200000,
      500000
    ],
    "cpi_range": [
      4,
      13
    ],
    "expected_bottlenecks": [
      "fetch",
      "decode"
    ]
  },
  "source": "Fairchild F8 Users Guide"
}