{
  "name": "Zilog Z80B",
  "year": 1980,
  "clock_mhz": 6.0,
  "bus_width": 8,
  "transistors": 8500,
  "timing_categories": {
    "ld_r_r": {
      "cycles": 4,
      "weight": 0.2,
      "desc": "LD r,r"
    },
    "ld_r_n": {
      "cycles": 7,
      "weight": 0.12,
      "desc": "LD r,n"
    },
    "ld_r_hl": {
      "cycles": 7,
      "weight": 0.15,
      "desc": "LD r,(HL)"
    },
    "ld_r_ix": {
      "cycles": 19,
      "weight": 0.05,
      "desc": "LD r,(IX+d)"
    },
    "alu_r": {
      "cycles": 4,
      "weight": 0.18,
      "desc": "ALU register"
    },
    "alu_hl": {
      "cycles": 7,
      "weight": 0.08,
      "desc": "ALU (HL)"
    },
    "jp": {
      "cycles": 10,
      "weight": 0.08,
      "desc": "JP"
    },
    "jr_taken": {
      "cycles": 12,
      "weight": 0.05,
      "desc": "JR taken"
    },
    "jr_not_taken": {
      "cycles": 7,
      "weight": 0.03,
      "desc": "JR not taken"
    },
    "call_ret": {
      "cycles": 17,
      "weight": 0.04,
      "desc": "CALL, RET"
    },
    "push_pop": {
      "cycles": 11,
      "weight": 0.02,
      "desc": "PUSH, POP"
    }
  },
  "validation_targets": {
    "ips_range": [
      690000,
      1920000
    ],
    "cpi_range": [
      4,
      23
    ],
    "expected_bottlenecks": [
      "decode",
      "memory"
    ]
  },
  "source": "Z80B Data Sheet"
}