{
  "name": "Motorola 6805",
  "year": 1979,
  "clock_mhz": 2.0,
  "bus_width": 8,
  "transistors": 8000,
  "timing_categories": {
    "inherent": {
      "cycles": 3,
      "weight": 0.2,
      "desc": "Inherent"
    },
    "immediate": {
      "cycles": 4,
      "weight": 0.18,
      "desc": "Immediate"
    },
    "direct": {
      "cycles": 4,
      "weight": 0.2,
      "desc": "Direct"
    },
    "indexed": {
      "cycles": 5,
      "weight": 0.15,
      "desc": "Indexed"
    },
    "extended": {
      "cycles": 5,
      "weight": 0.1,
      "desc": "Extended"
    },
    "branch": {
      "cycles": 5,
      "weight": 0.08,
      "desc": "Branch"
    },
    "jsr_rts": {
      "cycles": 9,
      "weight": 0.05,
      "desc": "JSR, RTS"
    },
    "bit_ops": {
      "cycles": 5,
      "weight": 0.02,
      "desc": "BSET, BCLR"
    },
    "misc": {
      "cycles": 3,
      "weight": 0.02,
      "desc": "Other"
    }
  },
  "validation_targets": {
    "ips_range": [
      300000,
      600000
    ],
    "cpi_range": [
      3,
      11
    ],
    "expected_bottlenecks": [
      "fetch",
      "decode"
    ]
  },
  "source": "MC6805 Data Sheet"
}