{
  "name": "Intel iAPX 432",
  "year": 1981,
  "clock_mhz": 8.0,
  "bus_width": 32,
  "transistors": 220000,
  "timing_categories": {
    "simple_ops": {
      "cycles": 20,
      "weight": 0.25,
      "desc": "Simple operations"
    },
    "memory_ops": {
      "cycles": 30,
      "weight": 0.2,
      "desc": "Memory access"
    },
    "object_ops": {
      "cycles": 50,
      "weight": 0.15,
      "desc": "Object manipulation"
    },
    "branch": {
      "cycles": 35,
      "weight": 0.12,
      "desc": "Branch operations"
    },
    "call_return": {
      "cycles": 80,
      "weight": 0.1,
      "desc": "Procedure call"
    },
    "capability": {
      "cycles": 100,
      "weight": 0.1,
      "desc": "Capability operations"
    },
    "context_switch": {
      "cycles": 200,
      "weight": 0.05,
      "desc": "Context switch"
    },
    "misc": {
      "cycles": 25,
      "weight": 0.03,
      "desc": "Other"
    }
  },
  "validation_targets": {
    "ips_range": [
      100000,
      300000
    ],
    "cpi_range": [
      25,
      80
    ],
    "expected_bottlenecks": [
      "decode",
      "microcode"
    ]
  },
  "source": "Intel iAPX 432 General Data Processor"
}