{
  "name": "Intel 8051",
  "year": 1980,
  "clock_mhz": 12.0,
  "bus_width": 8,
  "transistors": 128000,
  "timing_categories": {
    "mov_direct": {
      "cycles": 12,
      "weight": 0.2,
      "desc": "MOV direct"
    },
    "mov_indirect": {
      "cycles": 12,
      "weight": 0.15,
      "desc": "MOV @Ri"
    },
    "alu_ops": {
      "cycles": 12,
      "weight": 0.25,
      "desc": "ADD, ADDC, SUBB"
    },
    "immediate": {
      "cycles": 12,
      "weight": 0.12,
      "desc": "MOV #data"
    },
    "branch": {
      "cycles": 24,
      "weight": 0.1,
      "desc": "SJMP, AJMP"
    },
    "call_return": {
      "cycles": 24,
      "weight": 0.05,
      "desc": "ACALL, RET"
    },
    "bit_ops": {
      "cycles": 12,
      "weight": 0.08,
      "desc": "SETB, CLR, CPL"
    },
    "multiply": {
      "cycles": 48,
      "weight": 0.03,
      "desc": "MUL, DIV"
    },
    "misc": {
      "cycles": 12,
      "weight": 0.02,
      "desc": "NOP"
    }
  },
  "validation_targets": {
    "ips_range": [
      500000,
      1000000
    ],
    "cpi_range": [
      12,
      24
    ],
    "expected_bottlenecks": [
      "decode",
      "memory"
    ]
  },
  "source": "Intel MCS-51 Users Manual"
}