{
  "name": "RCA 1802",
  "year": 1976,
  "clock_mhz": 2.0,
  "bus_width": 8,
  "transistors": 5000,
  "timing_categories": {
    "short_branch": {
      "cycles": 8,
      "weight": 0.15,
      "desc": "Short branch"
    },
    "long_branch": {
      "cycles": 16,
      "weight": 0.08,
      "desc": "Long branch"
    },
    "memory_ref": {
      "cycles": 8,
      "weight": 0.2,
      "desc": "Memory reference"
    },
    "reg_ops": {
      "cycles": 8,
      "weight": 0.25,
      "desc": "Register ops"
    },
    "immediate": {
      "cycles": 16,
      "weight": 0.12,
      "desc": "Immediate"
    },
    "io_ops": {
      "cycles": 8,
      "weight": 0.1,
      "desc": "I/O operations"
    },
    "control": {
      "cycles": 8,
      "weight": 0.05,
      "desc": "Control"
    },
    "subroutine": {
      "cycles": 24,
      "weight": 0.05,
      "desc": "SEP, RET"
    }
  },
  "validation_targets": {
    "ips_range": [
      125000,
      400000
    ],
    "cpi_range": [
      8,
      24
    ],
    "expected_bottlenecks": [
      "fetch",
      "decode"
    ]
  },
  "source": "RCA CDP1802 Users Manual"
}