{
  "name": "AT&T WE 32000",
  "year": 1982,
  "clock_mhz": 14.0,
  "bus_width": 32,
  "transistors": 145000,
  "timing_categories": {
    "mov_reg": {
      "cycles": 4,
      "weight": 0.22,
      "desc": "MOV reg,reg"
    },
    "mov_mem": {
      "cycles": 8,
      "weight": 0.18,
      "desc": "MOV mem,reg"
    },
    "alu_reg": {
      "cycles": 4,
      "weight": 0.22,
      "desc": "ALU reg,reg"
    },
    "alu_mem": {
      "cycles": 10,
      "weight": 0.1,
      "desc": "ALU mem,reg"
    },
    "branch": {
      "cycles": 6,
      "weight": 0.1,
      "desc": "Branch"
    },
    "call_ret": {
      "cycles": 12,
      "weight": 0.06,
      "desc": "JSB, RSB"
    },
    "multiply": {
      "cycles": 15,
      "weight": 0.05,
      "desc": "MULW"
    },
    "divide": {
      "cycles": 30,
      "weight": 0.02,
      "desc": "DIVW"
    },
    "misc": {
      "cycles": 4,
      "weight": 0.05,
      "desc": "Other"
    }
  },
  "validation_targets": {
    "ips_range": [
      1000000,
      3000000
    ],
    "cpi_range": [
      4,
      15
    ],
    "expected_bottlenecks": [
      "decode",
      "memory"
    ]
  },
  "source": "WE 32000 Users Manual"
}