{
  "name": "National NS32032",
  "year": 1984,
  "clock_mhz": 15.0,
  "bus_width": 32,
  "transistors": 80000,
  "timing_categories": {
    "mov_reg": {
      "cycles": 4,
      "weight": 0.25,
      "desc": "MOV reg,reg"
    },
    "mov_mem": {
      "cycles": 8,
      "weight": 0.18,
      "desc": "MOV mem,reg"
    },
    "alu_reg": {
      "cycles": 4,
      "weight": 0.25,
      "desc": "ALU reg,reg"
    },
    "alu_mem": {
      "cycles": 10,
      "weight": 0.1,
      "desc": "ALU mem,reg"
    },
    "branch": {
      "cycles": 6,
      "weight": 0.08,
      "desc": "Branch"
    },
    "call_ret": {
      "cycles": 15,
      "weight": 0.06,
      "desc": "BSR, RET"
    },
    "multiply": {
      "cycles": 18,
      "weight": 0.04,
      "desc": "MUL"
    },
    "divide": {
      "cycles": 35,
      "weight": 0.02,
      "desc": "DIV"
    },
    "misc": {
      "cycles": 4,
      "weight": 0.02,
      "desc": "Other"
    }
  },
  "validation_targets": {
    "ips_range": [
      1500000,
      4000000
    ],
    "cpi_range": [
      4,
      20
    ],
    "expected_bottlenecks": [
      "decode",
      "memory"
    ]
  },
  "source": "NS32032 Data Sheet"
}