{
  "name": "Intel 8088",
  "year": 1979,
  "clock_mhz": 5.0,
  "bus_width": 8,
  "transistors": 29000,
  "timing_categories": {
    "mov_reg_reg": {
      "cycles": 2,
      "weight": 0.18,
      "desc": "MOV r,r"
    },
    "mov_reg_mem": {
      "cycles": 16,
      "weight": 0.15,
      "desc": "MOV r,m (slower bus)"
    },
    "alu_register": {
      "cycles": 3,
      "weight": 0.2,
      "desc": "ADD/SUB/AND/OR r,r"
    },
    "alu_memory": {
      "cycles": 21,
      "weight": 0.1,
      "desc": "ALU with memory"
    },
    "immediate": {
      "cycles": 4,
      "weight": 0.12,
      "desc": "MOV r,imm"
    },
    "branch_taken": {
      "cycles": 16,
      "weight": 0.08,
      "desc": "Jcc taken"
    },
    "branch_not_taken": {
      "cycles": 4,
      "weight": 0.05,
      "desc": "Jcc not taken"
    },
    "call_return": {
      "cycles": 28,
      "weight": 0.05,
      "desc": "CALL near"
    },
    "string_ops": {
      "cycles": 22,
      "weight": 0.04,
      "desc": "String operations"
    },
    "multiply": {
      "cycles": 143,
      "weight": 0.03,
      "desc": "MUL/IMUL"
    }
  },
  "validation_targets": {
    "ips_range": [
      250000,
      500000
    ],
    "cpi_range": [
      10,
      20
    ],
    "expected_bottlenecks": [
      "prefetch",
      "bus_width"
    ]
  },
  "source": "Intel 8088 Users Manual"
}