{
  "name": "Intel 80186",
  "year": 1982,
  "clock_mhz": 8.0,
  "bus_width": 16,
  "transistors": 55000,
  "timing_categories": {
    "mov_reg_reg": {
      "cycles": 2,
      "weight": 0.2,
      "desc": "MOV r,r"
    },
    "mov_reg_mem": {
      "cycles": 9,
      "weight": 0.15,
      "desc": "MOV r,m"
    },
    "alu_register": {
      "cycles": 3,
      "weight": 0.22,
      "desc": "ALU r,r"
    },
    "alu_memory": {
      "cycles": 12,
      "weight": 0.1,
      "desc": "ALU r,m"
    },
    "immediate": {
      "cycles": 3,
      "weight": 0.12,
      "desc": "Immediate ops"
    },
    "branch_taken": {
      "cycles": 13,
      "weight": 0.08,
      "desc": "Jcc taken"
    },
    "branch_not_taken": {
      "cycles": 4,
      "weight": 0.05,
      "desc": "Jcc not taken"
    },
    "call_return": {
      "cycles": 15,
      "weight": 0.05,
      "desc": "CALL/RET"
    },
    "multiply": {
      "cycles": 36,
      "weight": 0.03,
      "desc": "MUL/IMUL (faster)"
    }
  },
  "validation_targets": {
    "ips_range": [
      900000,
      1500000
    ],
    "cpi_range": [
      5,
      10
    ],
    "expected_bottlenecks": [
      "decode",
      "memory"
    ]
  },
  "source": "Intel 80186/80188 Users Manual"
}