{
  "name": "Intel 8086",
  "year": 1978,
  "clock_mhz": 5.0,
  "bus_width": 16,
  "transistors": 29000,
  "timing_categories": {
    "mov_reg_reg": {
      "cycles": 2,
      "weight": 0.18,
      "desc": "MOV r,r"
    },
    "mov_reg_mem": {
      "cycles": 12,
      "weight": 0.15,
      "desc": "MOV r,m with EA calc"
    },
    "alu_register": {
      "cycles": 3,
      "weight": 0.2,
      "desc": "ADD/SUB/AND/OR r,r"
    },
    "alu_memory": {
      "cycles": 17,
      "weight": 0.1,
      "desc": "ALU with memory"
    },
    "immediate": {
      "cycles": 4,
      "weight": 0.12,
      "desc": "MOV r,imm"
    },
    "branch_taken": {
      "cycles": 16,
      "weight": 0.08,
      "desc": "Jcc taken"
    },
    "branch_not_taken": {
      "cycles": 4,
      "weight": 0.05,
      "desc": "Jcc not taken"
    },
    "call_return": {
      "cycles": 23,
      "weight": 0.05,
      "desc": "CALL near"
    },
    "string_ops": {
      "cycles": 18,
      "weight": 0.04,
      "desc": "MOVSB, REP"
    },
    "multiply": {
      "cycles": 133,
      "weight": 0.03,
      "desc": "MUL/IMUL"
    }
  },
  "validation_targets": {
    "ips_range": [
      330000,
      750000
    ],
    "cpi_range": [
      7,
      15
    ],
    "expected_bottlenecks": [
      "ea_calc",
      "prefetch"
    ]
  },
  "source": "Intel 8086 Family Users Manual"
}