{
  "name": "Inmos T414",
  "year": 1985,
  "clock_mhz": 15.0,
  "bus_width": 32,
  "transistors": 200000,
  "timing_categories": {
    "direct": {
      "cycles": 1,
      "weight": 0.35,
      "desc": "Direct functions"
    },
    "indirect": {
      "cycles": 2,
      "weight": 0.2,
      "desc": "Indirect functions"
    },
    "load_store": {
      "cycles": 2,
      "weight": 0.15,
      "desc": "Load/Store"
    },
    "jump": {
      "cycles": 3,
      "weight": 0.1,
      "desc": "Jump"
    },
    "call": {
      "cycles": 4,
      "weight": 0.05,
      "desc": "CALL"
    },
    "channel": {
      "cycles": 6,
      "weight": 0.08,
      "desc": "Channel comms"
    },
    "alt": {
      "cycles": 10,
      "weight": 0.03,
      "desc": "ALT"
    },
    "misc": {
      "cycles": 1,
      "weight": 0.04,
      "desc": "Other"
    }
  },
  "validation_targets": {
    "ips_range": [
      5000000,
      10000000
    ],
    "cpi_range": [
      1,
      6
    ],
    "expected_bottlenecks": [
      "memory",
      "channel"
    ]
  },
  "source": "Inmos T414 Technical Manual"
}