{
  "name": "Zilog Z8",
  "year": 1979,
  "clock_mhz": 8.0,
  "bus_width": 8,
  "transistors": 9000,
  "timing_categories": {
    "ld_r_r": {
      "cycles": 6,
      "weight": 0.22,
      "desc": "LD r,r"
    },
    "ld_r_im": {
      "cycles": 6,
      "weight": 0.15,
      "desc": "LD r,#imm"
    },
    "ld_r_ir": {
      "cycles": 8,
      "weight": 0.15,
      "desc": "LD r,@Rr"
    },
    "alu_r": {
      "cycles": 6,
      "weight": 0.2,
      "desc": "ALU r,r"
    },
    "jp": {
      "cycles": 10,
      "weight": 0.1,
      "desc": "JP cc"
    },
    "call_ret": {
      "cycles": 14,
      "weight": 0.08,
      "desc": "CALL, RET"
    },
    "djnz": {
      "cycles": 12,
      "weight": 0.05,
      "desc": "DJNZ"
    },
    "misc": {
      "cycles": 6,
      "weight": 0.05,
      "desc": "Other"
    }
  },
  "validation_targets": {
    "ips_range": [
      500000,
      1000000
    ],
    "cpi_range": [
      6,
      20
    ],
    "expected_bottlenecks": [
      "decode",
      "memory"
    ]
  },
  "source": "Z8 MCU Users Manual"
}