{
  "name": "MOS 6502",
  "year": 1975,
  "clock_mhz": 1.0,
  "bus_width": 8,
  "transistors": 3510,
  "timing_categories": {
    "implied": {
      "cycles": 2,
      "weight": 0.18,
      "desc": "TAX, INX, etc."
    },
    "immediate": {
      "cycles": 2,
      "weight": 0.18,
      "desc": "LDA #imm"
    },
    "zero_page": {
      "cycles": 3,
      "weight": 0.22,
      "desc": "LDA $00"
    },
    "zero_page_x": {
      "cycles": 4,
      "weight": 0.1,
      "desc": "LDA $00,X"
    },
    "absolute": {
      "cycles": 4,
      "weight": 0.1,
      "desc": "LDA $0000"
    },
    "absolute_x": {
      "cycles": 5,
      "weight": 0.05,
      "desc": "LDA $0000,X (+1 page)"
    },
    "branch_taken": {
      "cycles": 3,
      "weight": 0.08,
      "desc": "BNE taken"
    },
    "branch_not_taken": {
      "cycles": 2,
      "weight": 0.04,
      "desc": "BNE not taken"
    },
    "jsr_rts": {
      "cycles": 6,
      "weight": 0.05,
      "desc": "JSR=6, RTS=6"
    }
  },
  "validation_targets": {
    "ips_range": [
      430000,
      1000000
    ],
    "cpi_range": [
      2,
      7
    ],
    "expected_bottlenecks": [
      "memory",
      "fetch"
    ]
  },
  "source": "MOS 6500 Hardware Manual"
}