{
  "name": "Signetics 2650",
  "year": 1975,
  "clock_mhz": 1.25,
  "bus_width": 8,
  "transistors": 6000,
  "timing_categories": {
    "register": {
      "cycles": 2,
      "weight": 0.25,
      "desc": "Register ops"
    },
    "immediate": {
      "cycles": 4,
      "weight": 0.18,
      "desc": "Immediate"
    },
    "absolute": {
      "cycles": 6,
      "weight": 0.15,
      "desc": "Absolute"
    },
    "relative": {
      "cycles": 6,
      "weight": 0.12,
      "desc": "Relative"
    },
    "indirect": {
      "cycles": 9,
      "weight": 0.08,
      "desc": "Indirect"
    },
    "branch": {
      "cycles": 5,
      "weight": 0.1,
      "desc": "Branch"
    },
    "call_return": {
      "cycles": 9,
      "weight": 0.07,
      "desc": "ZBSR, RETC"
    },
    "io": {
      "cycles": 6,
      "weight": 0.05,
      "desc": "I/O"
    }
  },
  "validation_targets": {
    "ips_range": [
      200000,
      500000
    ],
    "cpi_range": [
      2,
      9
    ],
    "expected_bottlenecks": [
      "fetch",
      "decode"
    ]
  },
  "source": "Signetics 2650 Microprocessor Manual"
}