{
  "name": "TI TMS9900",
  "year": 1976,
  "clock_mhz": 3.0,
  "bus_width": 16,
  "transistors": 8000,
  "timing_categories": {
    "register": {
      "cycles": 14,
      "weight": 0.2,
      "desc": "Register-register"
    },
    "immediate": {
      "cycles": 14,
      "weight": 0.15,
      "desc": "Immediate"
    },
    "memory": {
      "cycles": 22,
      "weight": 0.18,
      "desc": "Memory"
    },
    "indexed": {
      "cycles": 26,
      "weight": 0.1,
      "desc": "Indexed"
    },
    "jump": {
      "cycles": 10,
      "weight": 0.12,
      "desc": "Jump"
    },
    "cru": {
      "cycles": 12,
      "weight": 0.08,
      "desc": "CRU bit ops"
    },
    "shift": {
      "cycles": 20,
      "weight": 0.05,
      "desc": "Shift"
    },
    "multiply": {
      "cycles": 52,
      "weight": 0.05,
      "desc": "MPY"
    },
    "divide": {
      "cycles": 92,
      "weight": 0.02,
      "desc": "DIV"
    },
    "blwp": {
      "cycles": 26,
      "weight": 0.05,
      "desc": "BLWP context switch"
    }
  },
  "validation_targets": {
    "ips_range": [
      300000,
      700000
    ],
    "cpi_range": [
      8,
      52
    ],
    "expected_bottlenecks": [
      "memory",
      "workspace"
    ]
  },
  "source": "TI TMS9900 Users Guide"
}