{
  "name": "Intel 8080",
  "year": 1974,
  "clock_mhz": 2.0,
  "bus_width": 8,
  "transistors": 4500,
  "timing_categories": {
    "mov_reg_reg": {
      "cycles": 5,
      "weight": 0.2,
      "desc": "MOV r1,r2"
    },
    "mov_reg_mem": {
      "cycles": 7,
      "weight": 0.15,
      "desc": "MOV r,M / MOV M,r"
    },
    "alu_register": {
      "cycles": 4,
      "weight": 0.25,
      "desc": "ADD/SUB/AND/OR r"
    },
    "alu_memory": {
      "cycles": 7,
      "weight": 0.1,
      "desc": "ADD M, etc."
    },
    "immediate": {
      "cycles": 7,
      "weight": 0.1,
      "desc": "MVI, ADI, etc."
    },
    "branch_taken": {
      "cycles": 10,
      "weight": 0.08,
      "desc": "JZ, JNZ taken"
    },
    "branch_not_taken": {
      "cycles": 10,
      "weight": 0.04,
      "desc": "Jcc not taken"
    },
    "call_return": {
      "cycles": 17,
      "weight": 0.05,
      "desc": "CALL=17, RET=10"
    },
    "stack_ops": {
      "cycles": 11,
      "weight": 0.03,
      "desc": "PUSH/POP"
    }
  },
  "validation_targets": {
    "ips_range": [
      290000,
      500000
    ],
    "cpi_range": [
      4,
      18
    ],
    "expected_bottlenecks": [
      "decode",
      "fetch"
    ]
  },
  "source": "Intel 8080 Microcomputer Systems User Manual"
}