{
  "name": "AMD Am2901",
  "year": 1975,
  "clock_mhz": 10.0,
  "bus_width": 4,
  "transistors": 1700,
  "timing_categories": {
    "alu_pass": {
      "cycles": 1,
      "weight": 0.3,
      "desc": "ALU pass through"
    },
    "alu_add": {
      "cycles": 1,
      "weight": 0.25,
      "desc": "ALU add"
    },
    "alu_sub": {
      "cycles": 1,
      "weight": 0.15,
      "desc": "ALU subtract"
    },
    "alu_logic": {
      "cycles": 1,
      "weight": 0.15,
      "desc": "ALU logic ops"
    },
    "shift": {
      "cycles": 2,
      "weight": 0.08,
      "desc": "Shift operations"
    },
    "ram_access": {
      "cycles": 1,
      "weight": 0.05,
      "desc": "RAM access"
    },
    "output": {
      "cycles": 1,
      "weight": 0.02,
      "desc": "Output"
    }
  },
  "validation_targets": {
    "ips_range": [
      2000000,
      10000000
    ],
    "cpi_range": [
      1,
      5
    ],
    "expected_bottlenecks": [
      "microcode",
      "external"
    ]
  },
  "source": "AMD Am2901 Data Sheet"
}