{
  "name": "Motorola 68020",
  "year": 1984,
  "clock_mhz": 16.0,
  "bus_width": 32,
  "transistors": 190000,
  "timing_categories": {
    "move_reg": {
      "cycles": 2,
      "weight": 0.25,
      "desc": "MOVE Dn,Dn"
    },
    "move_mem": {
      "cycles": 6,
      "weight": 0.18,
      "desc": "MOVE (An),Dn"
    },
    "alu_reg": {
      "cycles": 2,
      "weight": 0.25,
      "desc": "ALU register"
    },
    "alu_mem": {
      "cycles": 6,
      "weight": 0.1,
      "desc": "ALU memory"
    },
    "immediate": {
      "cycles": 3,
      "weight": 0.08,
      "desc": "Immediate"
    },
    "branch": {
      "cycles": 6,
      "weight": 0.06,
      "desc": "Branch"
    },
    "jsr_rts": {
      "cycles": 10,
      "weight": 0.04,
      "desc": "JSR, RTS"
    },
    "multiply": {
      "cycles": 28,
      "weight": 0.02,
      "desc": "Multiply"
    },
    "divide": {
      "cycles": 60,
      "weight": 0.02,
      "desc": "Divide"
    }
  },
  "validation_targets": {
    "ips_range": [
      3000000,
      6000000
    ],
    "cpi_range": [
      3,
      60
    ],
    "expected_bottlenecks": [
      "cache",
      "memory"
    ]
  },
  "source": "MC68020 Users Manual"
}