{
  "name": "AMD Am2903",
  "year": 1976,
  "clock_mhz": 12.5,
  "bus_width": 4,
  "transistors": 2000,
  "timing_categories": {
    "alu_pass": {
      "cycles": 1,
      "weight": 0.28,
      "desc": "ALU pass through"
    },
    "alu_add": {
      "cycles": 1,
      "weight": 0.25,
      "desc": "ALU add"
    },
    "alu_sub": {
      "cycles": 1,
      "weight": 0.15,
      "desc": "ALU subtract"
    },
    "alu_logic": {
      "cycles": 1,
      "weight": 0.15,
      "desc": "ALU logic ops"
    },
    "shift": {
      "cycles": 2,
      "weight": 0.08,
      "desc": "Shift operations"
    },
    "multiply": {
      "cycles": 4,
      "weight": 0.05,
      "desc": "Hardware multiply"
    },
    "ram_access": {
      "cycles": 1,
      "weight": 0.04,
      "desc": "RAM access"
    }
  },
  "validation_targets": {
    "ips_range": [
      2500000,
      12500000
    ],
    "cpi_range": [
      1,
      5
    ],
    "expected_bottlenecks": [
      "microcode",
      "external"
    ]
  },
  "source": "AMD Am2903 Data Sheet"
}