{
  "name": "Intel 4040",
  "year": 1974,
  "clock_mhz": 0.74,
  "bus_width": 4,
  "transistors": 3000,
  "timing_categories": {
    "register_ops": {
      "cycles": 8,
      "weight": 0.25,
      "desc": "INC, ADD, SUB, LD, XCH"
    },
    "accumulator_imm": {
      "cycles": 16,
      "weight": 0.15,
      "desc": "LDM, FIM"
    },
    "memory_ops": {
      "cycles": 8,
      "weight": 0.18,
      "desc": "RDM, WRM"
    },
    "bcd_arithmetic": {
      "cycles": 8,
      "weight": 0.1,
      "desc": "DAA operations"
    },
    "jump_unconditional": {
      "cycles": 16,
      "weight": 0.08,
      "desc": "JUN"
    },
    "jump_conditional": {
      "cycles": 16,
      "weight": 0.07,
      "desc": "JCN"
    },
    "subroutine": {
      "cycles": 16,
      "weight": 0.05,
      "desc": "JMS, BBL"
    },
    "io_ops": {
      "cycles": 8,
      "weight": 0.08,
      "desc": "I/O operations"
    },
    "interrupt": {
      "cycles": 16,
      "weight": 0.02,
      "desc": "Interrupt handling"
    },
    "nop_misc": {
      "cycles": 8,
      "weight": 0.02,
      "desc": "NOP, HLT"
    }
  },
  "validation_targets": {
    "ips_range": [
      50000,
      100000
    ],
    "cpi_range": [
      7,
      15
    ],
    "expected_bottlenecks": [
      "fetch",
      "sequential fetch"
    ]
  },
  "source": "MCS-40 Users Manual"
}