{
  "name": "National SC/MP",
  "year": 1974,
  "clock_mhz": 1.0,
  "bus_width": 8,
  "transistors": 5000,
  "timing_categories": {
    "implied": {
      "cycles": 7,
      "weight": 0.2,
      "desc": "Implied"
    },
    "immediate": {
      "cycles": 10,
      "weight": 0.18,
      "desc": "Immediate"
    },
    "memory": {
      "cycles": 18,
      "weight": 0.2,
      "desc": "Memory"
    },
    "auto_indexed": {
      "cycles": 18,
      "weight": 0.1,
      "desc": "Auto-indexed"
    },
    "branch": {
      "cycles": 9,
      "weight": 0.12,
      "desc": "Branch"
    },
    "transfer": {
      "cycles": 7,
      "weight": 0.1,
      "desc": "Transfer"
    },
    "io": {
      "cycles": 22,
      "weight": 0.05,
      "desc": "I/O"
    },
    "misc": {
      "cycles": 7,
      "weight": 0.05,
      "desc": "Other"
    }
  },
  "validation_targets": {
    "ips_range": [
      50000,
      150000
    ],
    "cpi_range": [
      7,
      22
    ],
    "expected_bottlenecks": [
      "fetch",
      "serial_bus"
    ]
  },
  "source": "National SC/MP Programmers Guide"
}