{
  "name": "AMD Am29000",
  "year": 1987,
  "clock_mhz": 25.0,
  "bus_width": 32,
  "transistors": 300000,
  "timing_categories": {
    "alu_reg": {
      "cycles": 1,
      "weight": 0.3,
      "desc": "ALU register"
    },
    "load": {
      "cycles": 2,
      "weight": 0.18,
      "desc": "Load"
    },
    "store": {
      "cycles": 2,
      "weight": 0.1,
      "desc": "Store"
    },
    "branch": {
      "cycles": 1,
      "weight": 0.12,
      "desc": "Branch (delay slot)"
    },
    "call_ret": {
      "cycles": 4,
      "weight": 0.08,
      "desc": "CALL, RET"
    },
    "multiply": {
      "cycles": 2,
      "weight": 0.1,
      "desc": "Multiply"
    },
    "divide": {
      "cycles": 35,
      "weight": 0.02,
      "desc": "Divide"
    },
    "misc": {
      "cycles": 1,
      "weight": 0.1,
      "desc": "Other"
    }
  },
  "validation_targets": {
    "ips_range": [
      15000000,
      25000000
    ],
    "cpi_range": [
      1,
      4
    ],
    "expected_bottlenecks": [
      "cache",
      "pipeline"
    ]
  },
  "source": "AMD Am29000 Users Manual"
}