{
  "name": "Novix NC4016",
  "year": 1985,
  "clock_mhz": 8.0,
  "bus_width": 16,
  "transistors": 12000,
  "timing_categories": {
    "alu": {
      "cycles": 1,
      "weight": 0.4,
      "desc": "ALU operations"
    },
    "stack": {
      "cycles": 1,
      "weight": 0.25,
      "desc": "Stack operations"
    },
    "memory": {
      "cycles": 2,
      "weight": 0.12,
      "desc": "Memory access"
    },
    "call_ret": {
      "cycles": 1,
      "weight": 0.1,
      "desc": "CALL, RET"
    },
    "branch": {
      "cycles": 2,
      "weight": 0.08,
      "desc": "Branch"
    },
    "misc": {
      "cycles": 1,
      "weight": 0.05,
      "desc": "Other"
    }
  },
  "validation_targets": {
    "ips_range": [
      6000000,
      10000000
    ],
    "cpi_range": [
      1,
      2
    ],
    "expected_bottlenecks": [
      "stack",
      "memory"
    ]
  },
  "source": "Novix NC4016 Data Sheet"
}