{
  "name": "Intel 80286",
  "year": 1982,
  "clock_mhz": 8.0,
  "bus_width": 16,
  "transistors": 134000,
  "timing_categories": {
    "mov_reg_reg": {
      "cycles": 2,
      "weight": 0.22,
      "desc": "MOV r,r"
    },
    "mov_reg_mem": {
      "cycles": 5,
      "weight": 0.15,
      "desc": "MOV r,m"
    },
    "alu_register": {
      "cycles": 2,
      "weight": 0.25,
      "desc": "ALU r,r"
    },
    "alu_memory": {
      "cycles": 7,
      "weight": 0.1,
      "desc": "ALU r,m"
    },
    "immediate": {
      "cycles": 3,
      "weight": 0.1,
      "desc": "Immediate ops"
    },
    "branch_taken": {
      "cycles": 11,
      "weight": 0.07,
      "desc": "Jcc taken"
    },
    "branch_not_taken": {
      "cycles": 3,
      "weight": 0.04,
      "desc": "Jcc not taken"
    },
    "call_return": {
      "cycles": 13,
      "weight": 0.05,
      "desc": "CALL/RET"
    },
    "multiply": {
      "cycles": 21,
      "weight": 0.02,
      "desc": "MUL/IMUL"
    }
  },
  "validation_targets": {
    "ips_range": [
      900000,
      2700000
    ],
    "cpi_range": [
      3,
      9
    ],
    "expected_bottlenecks": [
      "memory",
      "decode"
    ]
  },
  "source": "Intel 80286 Programmers Reference Manual"
}