{
  "name": "Motorola 6800",
  "year": 1974,
  "clock_mhz": 1.0,
  "bus_width": 8,
  "transistors": 4100,
  "timing_categories": {
    "inherent": {
      "cycles": 2,
      "weight": 0.2,
      "desc": "NOP, TAB, etc."
    },
    "immediate": {
      "cycles": 2,
      "weight": 0.18,
      "desc": "LDA #imm"
    },
    "direct": {
      "cycles": 3,
      "weight": 0.2,
      "desc": "LDA direct"
    },
    "extended": {
      "cycles": 4,
      "weight": 0.12,
      "desc": "LDA extended"
    },
    "indexed": {
      "cycles": 5,
      "weight": 0.1,
      "desc": "LDA indexed"
    },
    "branch_taken": {
      "cycles": 4,
      "weight": 0.08,
      "desc": "Branch taken"
    },
    "branch_not_taken": {
      "cycles": 4,
      "weight": 0.05,
      "desc": "Branch not taken"
    },
    "jsr_rts": {
      "cycles": 9,
      "weight": 0.05,
      "desc": "JSR, RTS"
    },
    "stack": {
      "cycles": 4,
      "weight": 0.02,
      "desc": "PSH, PUL"
    }
  },
  "validation_targets": {
    "ips_range": [
      250000,
      500000
    ],
    "cpi_range": [
      2,
      10
    ],
    "expected_bottlenecks": [
      "memory",
      "fetch"
    ]
  },
  "source": "Motorola M6800 Programming Reference Manual"
}