{
  "name": "TI TMS320C10",
  "year": 1983,
  "clock_mhz": 20.0,
  "bus_width": 16,
  "transistors": 15000,
  "timing_categories": {
    "accumulator": {
      "cycles": 1,
      "weight": 0.3,
      "desc": "Accumulator ops"
    },
    "mac": {
      "cycles": 1,
      "weight": 0.25,
      "desc": "MAC (multiply-accumulate)"
    },
    "load_store": {
      "cycles": 1,
      "weight": 0.15,
      "desc": "Load/Store"
    },
    "branch": {
      "cycles": 2,
      "weight": 0.1,
      "desc": "Branch"
    },
    "call_ret": {
      "cycles": 2,
      "weight": 0.08,
      "desc": "CALL, RET"
    },
    "io": {
      "cycles": 2,
      "weight": 0.07,
      "desc": "I/O"
    },
    "misc": {
      "cycles": 1,
      "weight": 0.05,
      "desc": "Other"
    }
  },
  "validation_targets": {
    "ips_range": [
      5000000,
      10000000
    ],
    "cpi_range": [
      1,
      4
    ],
    "expected_bottlenecks": [
      "memory",
      "pipeline"
    ]
  },
  "source": "TI TMS320C1x Users Guide"
}