{
  "name": "Motorola 68881",
  "year": 1984,
  "clock_mhz": 16.0,
  "bus_width": 32,
  "transistors": 155000,
  "timing_categories": {
    "fmove": {
      "cycles": 20,
      "weight": 0.2,
      "desc": "FMOVE"
    },
    "fadd": {
      "cycles": 30,
      "weight": 0.2,
      "desc": "FADD"
    },
    "fsub": {
      "cycles": 30,
      "weight": 0.1,
      "desc": "FSUB"
    },
    "fmul": {
      "cycles": 45,
      "weight": 0.2,
      "desc": "FMUL"
    },
    "fdiv": {
      "cycles": 90,
      "weight": 0.1,
      "desc": "FDIV"
    },
    "fsqrt": {
      "cycles": 120,
      "weight": 0.05,
      "desc": "FSQRT"
    },
    "fsin_fcos": {
      "cycles": 200,
      "weight": 0.05,
      "desc": "FSIN, FCOS"
    },
    "fcomp": {
      "cycles": 25,
      "weight": 0.1,
      "desc": "FCMP"
    }
  },
  "validation_targets": {
    "ips_range": [
      150000,
      500000
    ],
    "cpi_range": [
      30,
      120
    ],
    "expected_bottlenecks": [
      "execute",
      "fpu"
    ]
  },
  "source": "MC68881 Users Manual"
}